0	Pre1	101	1:159901733_TC	70	61	1	1	1						
1	Pre2	101	1:159901733_TC	66	32	1	1	1						
2	Pre3	101	1:159901733_TC	74	54	1	1	1						
3	Pre4	101	1:159901733_TC	41	51	1	1	1						
4	MP1	101	1:159901733_TC	77	48	1	1	1						
5	MP2	101	1:159901733_TC	110	41	1	1	1						
6	MP3	101	1:159901733_TC	30	5	1	1	1						
7	MP4	101	1:159901733_TC	288	18	1	1	1						
0	Pre1	102	10:79613219_GT	66	72	1	1	1						
1	Pre2	102	10:79613219_GT	57	48	1	1	1						
2	Pre3	102	10:79613219_GT	74	63	1	1	1						
3	Pre4	102	10:79613219_GT	44	44	1	1	1						
4	MP1	102	10:79613219_GT	128	91	1	1	1						
5	MP2	102	10:79613219_GT	127	39	1	1	1						
6	MP3	102	10:79613219_GT	50	11	1	1	1						
7	MP4	102	10:79613219_GT	468	35	1	1	1						
0	Pre1	103	12:7361601_CA	47	37	1	1	1						
1	Pre2	103	12:7361601_CA	35	42	1	1	1						
2	Pre3	103	12:7361601_CA	71	74	1	1	1						
3	Pre4	103	12:7361601_CA	45	43	1	1	1						
4	MP1	103	12:7361601_CA	61	31	1	1	1						
5	MP2	103	12:7361601_CA	72	27	1	1	1						
6	MP3	103	12:7361601_CA	12	2	1	1	1						
7	MP4	103	12:7361601_CA	233	26	1	1	1						
0	Pre1	104	14:24113619_CT	80	52	1	1	1						
1	Pre2	104	14:24113619_CT	43	47	1	1	1						
2	Pre3	104	14:24113619_CT	82	76	1	1	1						
3	Pre4	104	14:24113619_CT	70	55	1	1	1						
4	MP1	104	14:24113619_CT	92	44	1	1	1						
5	MP2	104	14:24113619_CT	88	22	1	1	1						
6	MP3	104	14:24113619_CT	17	5	1	1	1						
7	MP4	104	14:24113619_CT	287	31	1	1	1						
0	Pre1	105	15:23261896_CA	51	35	1	1	1						
1	Pre2	105	15:23261896_CA	72	38	1	1	1						
2	Pre3	105	15:23261896_CA	68	56	1	1	1						
3	Pre4	105	15:23261896_CA	66	41	1	1	1						
4	MP1	105	15:23261896_CA	85	51	1	1	1						
5	MP2	105	15:23261896_CA	98	29	1	1	1						
6	MP3	105	15:23261896_CA	30	5	1	1	1						
7	MP4	105	15:23261896_CA	284	10	1	1	1						
0	Pre1	106	15:80884025_GA	83	25	1	1	1						
1	Pre2	106	15:80884025_GA	73	45	1	1	1						
2	Pre3	106	15:80884025_GA	80	62	1	1	1						
3	Pre4	106	15:80884025_GA	55	31	1	1	1						
4	MP1	106	15:80884025_GA	230	0	1	1	1						
5	MP2	106	15:80884025_GA	171	0	1	1	1						
6	MP3	106	15:80884025_GA	37	0	1	1	1						
7	MP4	106	15:80884025_GA	487	5	1	1	1						
0	Pre1	107	16:68155990_GA	88	15	1	1	1						
1	Pre2	107	16:68155990_GA	61	5	1	1	1						
2	Pre3	107	16:68155990_GA	110	21	1	1	1						
3	Pre4	107	16:68155990_GA	50	9	1	1	1						
4	MP1	107	16:68155990_GA	68	36	1	1	1						
5	MP2	107	16:68155990_GA	57	19	1	1	1						
6	MP3	107	16:68155990_GA	19	4	1	1	1						
7	MP4	107	16:68155990_GA	200	11	1	1	1						
0	Pre1	108	16:75147997_GT	101	0	1	1	1						
1	Pre2	108	16:75147997_GT	126	0	1	1	1						
2	Pre3	108	16:75147997_GT	153	0	1	1	1						
3	Pre4	108	16:75147997_GT	115	0	1	1	1						
4	MP1	108	16:75147997_GT	127	91	1	1	1						
5	MP2	108	16:75147997_GT	157	43	1	1	1						
6	MP3	108	16:75147997_GT	35	9	1	1	1						
7	MP4	108	16:75147997_GT	464	0	1	1	1						
0	Pre1	109	16:846823_CT	79	40	1	1	1						
1	Pre2	109	16:846823_CT	66	24	1	1	1						
2	Pre3	109	16:846823_CT	102	51	1	1	1						
3	Pre4	109	16:846823_CT	62	34	1	1	1						
4	MP1	109	16:846823_CT	243	0	1	1	1						
5	MP2	109	16:846823_CT	136	1	1	1	1						
6	MP3	109	16:846823_CT	33	0	1	1	1						
7	MP4	109	16:846823_CT	428	2	1	1	1						
0	Pre1	110	17:10438615_GT	41	46	1	1	1						
1	Pre2	110	17:10438615_GT	34	26	1	1	1						
2	Pre3	110	17:10438615_GT	57	38	1	1	1						
3	Pre4	110	17:10438615_GT	29	20	1	1	1						
4	MP1	110	17:10438615_GT	42	25	1	1	1						
5	MP2	110	17:10438615_GT	40	17	1	1	1						
6	MP3	110	17:10438615_GT	19	1	1	1	1						
7	MP4	110	17:10438615_GT	139	18	1	1	1						
0	Pre1	111	17:7736407_GA	63	55	1	1	1						
1	Pre2	111	17:7736407_GA	58	45	1	1	1						
2	Pre3	111	17:7736407_GA	75	55	1	1	1						
3	Pre4	111	17:7736407_GA	55	45	1	1	1						
4	MP1	111	17:7736407_GA	103	72	1	1	1						
5	MP2	111	17:7736407_GA	123	28	1	1	1						
6	MP3	111	17:7736407_GA	34	7	1	1	1						
7	MP4	111	17:7736407_GA	484	35	1	1	1						
0	Pre1	112	19:22497622_CA	63	21	1	1	1						
1	Pre2	112	19:22497622_CA	99	24	1	1	1						
2	Pre3	112	19:22497622_CA	70	45	1	1	1						
3	Pre4	112	19:22497622_CA	45	14	1	1	1						
4	MP1	112	19:22497622_CA	76	0	1	1	1						
5	MP2	112	19:22497622_CA	53	0	1	1	1						
6	MP3	112	19:22497622_CA	16	0	1	1	1						
7	MP4	112	19:22497622_CA	184	0	1	1	1						
0	Pre1	113	19:3964253_GA	101	0	1	1	1						
1	Pre2	113	19:3964253_GA	111	2	1	1	1						
2	Pre3	113	19:3964253_GA	126	1	1	1	1						
3	Pre4	113	19:3964253_GA	76	3	1	1	1						
4	MP1	113	19:3964253_GA	116	65	1	1	1						
5	MP2	113	19:3964253_GA	133	45	1	1	1						
6	MP3	113	19:3964253_GA	32	5	1	1	1						
7	MP4	113	19:3964253_GA	490	3	1	1	1						
0	Pre1	114	19:58565182_GT	54	28	1	1	1						
1	Pre2	114	19:58565182_GT	42	54	1	1	1						
2	Pre3	114	19:58565182_GT	45	46	1	1	1						
3	Pre4	114	19:58565182_GT	35	26	1	1	1						
4	MP1	114	19:58565182_GT	111	56	1	1	1						
5	MP2	114	19:58565182_GT	87	30	1	1	1						
6	MP3	114	19:58565182_GT	30	8	1	1	1						
7	MP4	114	19:58565182_GT	354	30	1	1	1						
0	Pre1	115	19:7927142_CT	146	23	1	1	1						
1	Pre2	115	19:7927142_CT	170	26	1	1	1						
2	Pre3	115	19:7927142_CT	99	10	1	1	1						
3	Pre4	115	19:7927142_CT	81	3	1	1	1						
4	MP1	115	19:7927142_CT	120	91	1	1	1						
5	MP2	115	19:7927142_CT	144	79	1	1	1						
6	MP3	115	19:7927142_CT	35	13	1	1	1						
7	MP4	115	19:7927142_CT	384	26	1	1	1						
0	Pre1	116	19:7964898_CT	110	0	1	1	1						
1	Pre2	116	19:7964898_CT	99	0	1	1	1						
2	Pre3	116	19:7964898_CT	121	2	1	1	1						
3	Pre4	116	19:7964898_CT	64	0	1	1	1						
4	MP1	116	19:7964898_CT	116	97	1	1	1						
5	MP2	116	19:7964898_CT	155	30	1	1	1						
6	MP3	116	19:7964898_CT	37	2	1	1	1						
7	MP4	116	19:7964898_CT	508	0	1	1	1						
0	Pre1	117	22:51160216_CA	53	56	1	1	1						
1	Pre2	117	22:51160216_CA	53	44	1	1	1						
2	Pre3	117	22:51160216_CA	83	43	1	1	1						
3	Pre4	117	22:51160216_CA	44	29	1	1	1						
4	MP1	117	22:51160216_CA	132	59	1	1	1						
5	MP2	117	22:51160216_CA	148	35	1	1	1						
6	MP3	117	22:51160216_CA	19	8	1	1	1						
7	MP4	117	22:51160216_CA	335	24	1	1	1						
0	Pre1	118	3:40528900_AG	50	38	1	1	1						
1	Pre2	118	3:40528900_AG	35	28	1	1	1						
2	Pre3	118	3:40528900_AG	61	67	1	1	1						
3	Pre4	118	3:40528900_AG	36	31	1	1	1						
4	MP1	118	3:40528900_AG	55	24	1	1	1						
5	MP2	118	3:40528900_AG	55	42	1	1	1						
6	MP3	118	3:40528900_AG	14	4	1	1	1						
7	MP4	118	3:40528900_AG	212	14	1	1	1						
0	Pre1	119	3:52012313_CG	113	14	1	1	1						
1	Pre2	119	3:52012313_CG	94	16	1	1	1						
2	Pre3	119	3:52012313_CG	156	18	1	1	1						
3	Pre4	119	3:52012313_CG	72	10	1	1	1						
4	MP1	119	3:52012313_CG	93	60	1	1	1						
5	MP2	119	3:52012313_CG	91	36	1	1	1						
6	MP3	119	3:52012313_CG	35	6	1	1	1						
7	MP4	119	3:52012313_CG	445	32	1	1	1						
0	Pre1	120	4:187115755_GT	59	31	1	3	0	1	1	1			
1	Pre2	120	4:187115755_GT	43	33	1	3	0	1	1	1			
2	Pre3	120	4:187115755_GT	73	70	1	3	0.2	1	1	0.8			
3	Pre4	120	4:187115755_GT	59	51	1	3	0.3	1	1	0.7			
4	MP1	120	4:187115755_GT	97	0	1	3	0	1	1	1			
5	MP2	120	4:187115755_GT	71	0	1	3	0	1	1	1			
6	MP3	120	4:187115755_GT	21	0	1	3	0	1	1	1			
7	MP4	120	4:187115755_GT	292	0	1	3	0	1	1	1			
0	Pre1	121	5:23522841_CA	154	2	1	3	0.4	1	2	0	1	1	0.6
1	Pre2	121	5:23522841_CA	97	0	1	3	0.4	1	2	0	1	1	0.6
2	Pre3	121	5:23522841_CA	184	0	1	3	0.4	1	2	0	1	1	0.6
3	Pre4	121	5:23522841_CA	96	0	1	3	0.4	1	2	0	1	1	0.6
4	MP1	121	5:23522841_CA	151	40	1	2	1	1	3	0	1	1	0
5	MP2	121	5:23522841_CA	67	18	1	2	1	1	3	0	1	1	0
6	MP3	121	5:23522841_CA	27	0	1	2	1	1	3	0	1	1	0
7	MP4	121	5:23522841_CA	357	2	1	2	1	1	3	0	1	1	0
0	Pre1	122	5:35047956_CA	90	44	1	3	0.4	1	2	0	1	1	0.6
1	Pre2	122	5:35047956_CA	69	30	1	3	0.4	1	2	0	1	1	0.6
2	Pre3	122	5:35047956_CA	117	43	1	3	0.4	1	2	0	1	1	0.6
3	Pre4	122	5:35047956_CA	86	37	1	3	0.4	1	2	0	1	1	0.6
4	MP1	122	5:35047956_CA	79	38	1	2	1	1	3	0	1	1	0
5	MP2	122	5:35047956_CA	82	21	1	2	1	1	3	0	1	1	0
6	MP3	122	5:35047956_CA	11	3	1	2	1	1	3	0	1	1	0
7	MP4	122	5:35047956_CA	233	19	1	2	1	1	3	0	1	1	0
0	Pre1	123	6:29394620_GT	114	46	2	0	0.4	1	2	0.3	1	1	0.3
1	Pre2	123	6:29394620_GT	90	24	2	0	0.4	1	2	0.25	1	1	0.35
2	Pre3	123	6:29394620_GT	111	37	2	0	0.4	1	2	0.3	1	1	0.3
3	Pre4	123	6:29394620_GT	96	30	2	0	0.4	1	2	0.25	1	1	0.35
4	MP1	123	6:29394620_GT	54	47	2	0	0	1	2	0	1	1	1
5	MP2	123	6:29394620_GT	64	24	2	0	0	1	2	0	1	1	1
6	MP3	123	6:29394620_GT	14	4	2	0	0	1	2	0	1	1	1
7	MP4	123	6:29394620_GT	223	14	2	0	0	1	2	0	1	1	1
0	Pre1	124	6:35446217_GA	179	1	2	0	0.4	1	2	0.3	1	1	0.3
1	Pre2	124	6:35446217_GA	139	0	2	0	0.4	1	2	0.25	1	1	0.35
2	Pre3	124	6:35446217_GA	257	0	2	0	0.4	1	2	0.3	1	1	0.3
3	Pre4	124	6:35446217_GA	176	0	2	0	0.4	1	2	0.25	1	1	0.35
4	MP1	124	6:35446217_GA	110	47	2	0	0	1	2	0	1	1	1
5	MP2	124	6:35446217_GA	130	39	2	0	0	1	2	0	1	1	1
6	MP3	124	6:35446217_GA	41	0	2	0	0	1	2	0	1	1	1
7	MP4	124	6:35446217_GA	531	2	2	0	0	1	2	0	1	1	1
0	Pre1	125	6:46656489_GT	106	36	2	0	0.4	1	2	0.3	1	1	0.3
1	Pre2	125	6:46656489_GT	106	40	2	0	0.4	1	2	0.25	1	1	0.35
2	Pre3	125	6:46656489_GT	113	31	2	0	0.4	1	2	0.3	1	1	0.3
3	Pre4	125	6:46656489_GT	87	20	2	0	0.4	1	2	0.25	1	1	0.35
4	MP1	125	6:46656489_GT	236	0	2	0	0	1	2	0	1	1	1
5	MP2	125	6:46656489_GT	207	0	2	0	0	1	2	0	1	1	1
6	MP3	125	6:46656489_GT	19	0	2	0	0	1	2	0	1	1	1
7	MP4	125	6:46656489_GT	465	0	2	0	0	1	2	0	1	1	1
0	Pre1	126	7:128475431_GT	69	19	1	1	1						
1	Pre2	126	7:128475431_GT	52	31	1	1	1						
2	Pre3	126	7:128475431_GT	72	45	1	1	1						
3	Pre4	126	7:128475431_GT	57	40	1	1	1						
4	MP1	126	7:128475431_GT	143	0	1	1	1						
5	MP2	126	7:128475431_GT	146	0	1	1	1						
6	MP3	126	7:128475431_GT	28	0	1	1	1						
7	MP4	126	7:128475431_GT	332	0	1	1	1						
0	Pre1	127	X:150911102_CT	2	41	1	1	1						
1	Pre2	127	X:150911102_CT	1	41	1	1	1						
2	Pre3	127	X:150911102_CT	4	65	1	1	1						
3	Pre4	127	X:150911102_CT	8	37	1	1	1						
4	MP1	127	X:150911102_CT	8	55	1	1	1						
5	MP2	127	X:150911102_CT	23	22	1	1	1						
6	MP3	127	X:150911102_CT	11	2	1	1	1						
7	MP4	127	X:150911102_CT	114	16	1	1	1						
